{
    "total_runtime": 6524.147710084915,
    "num_documents": 1,
    "input_load_time": 0,
    "workflows": {
        "create_base_text_units": {
            "overall": 0.9563150405883789,
            "0_create_base_text_units": 0.9540553092956543
        },
        "create_base_entity_graph": {
            "overall": 3566.8026399612427,
            "0_create_base_entity_graph": 3566.8000814914703
        },
        "create_final_entities": {
            "overall": 0.06354498863220215,
            "0_create_final_entities": 0.06035614013671875
        },
        "create_final_nodes": {
            "overall": 0.22950100898742676,
            "0_create_final_nodes": 0.22615385055541992
        },
        "create_final_communities": {
            "overall": 0.12874817848205566,
            "0_create_final_communities": 0.12476468086242676
        },
        "create_final_relationships": {
            "overall": 0.06637978553771973,
            "0_create_final_relationships": 0.06150627136230469
        },
        "create_final_text_units": {
            "overall": 0.0320429801940918,
            "0_create_final_text_units": 0.025893449783325195
        },
        "create_final_community_reports": {
            "overall": 2705.9731657505035,
            "0_create_final_community_reports": 2705.967366218567
        },
        "create_final_documents": {
            "overall": 0.021673202514648438,
            "0_create_final_documents": 0.015244245529174805
        },
        "generate_text_embeddings": {
            "overall": 247.72335767745972,
            "0_generate_text_embeddings": 247.71424174308777
        }
    }
}